use guess_guest;

INSERT INTO House (`house_id`,`address`,`age_20`,`age_30`,`age_40`,`chinese`,`description`,`female`,`japanese`,`korean`,`male`,`mbti_e`,`mbti_i`,`name`,`not_solo`,`place`,`reserve_url`,`solo`,`total_user`) VALUES (1,'강원도 양양',2,3,5,5,'좋은펜션~',8,3,2,2,4,6,'양양 달빛산책로하우스',5,'양양','https://place-site.yanolja.com/places/10062035?srpKeyword=%EA%B0%95%EB%A6%89',5,10);
INSERT INTO House (`house_id`,`address`,`age_20`,`age_30`,`age_40`,`chinese`,`description`,`female`,`japanese`,`korean`,`male`,`mbti_e`,`mbti_i`,`name`,`not_solo`,`place`,`reserve_url`,`solo`,`total_user`) VALUES (2,'강원도 강릉',5,1,1,2,'바닷가 뷰 펜션',6,3,2,1,2,5,'경포대 별빛하우스',5,'경포대','https://place-site.yanolja.com/places/10062035?srpKeyword=%EA%B0%95%EB%A6%89',2,7);
INSERT INTO House (`house_id`,`address`,`age_20`,`age_30`,`age_40`,`chinese`,`description`,`female`,`japanese`,`korean`,`male`,`mbti_e`,`mbti_i`,`name`,`not_solo`,`place`,`reserve_url`,`solo`,`total_user`) VALUES (3,'강원도 강릉',2,1,3,4,'안목 커피거리 5분',2,0,2,4,3,3,'경포대 꽃향기하우스',2,'경포대','https://place-site.yanolja.com/places/10062035?srpKeyword=%EA%B0%95%EB%A6%89',4,6);
INSERT INTO House (`house_id`,`address`,`age_20`,`age_30`,`age_40`,`chinese`,`description`,`female`,`japanese`,`korean`,`male`,`mbti_e`,`mbti_i`,`name`,`not_solo`,`place`,`reserve_url`,`solo`,`total_user`) VALUES (4,'제주도 제주시',2,2,3,0,'해수욕장 근처 펜션',3,5,2,4,5,2,'애월 미소하우스',3,'애월','https://place-site.yanolja.com/places/10062035?srpKeyword=%EA%B0%95%EB%A6%89',4,7);
INSERT INTO House (`house_id`,`address`,`age_20`,`age_30`,`age_40`,`chinese`,`description`,`female`,`japanese`,`korean`,`male`,`mbti_e`,`mbti_i`,`name`,`not_solo`,`place`,`reserve_url`,`solo`,`total_user`) VALUES (5,'강원도 강릉',3,2,5,2,'강릉 시장 코앞 펜션',10,6,2,0,7,3,'경포대 구름위의집하우스',6,'경포대','https://place-site.yanolja.com/places/10062035?srpKeyword=%EA%B0%95%EB%A6%89',4,10);
INSERT INTO House (`house_id`,`address`,`age_20`,`age_30`,`age_40`,`chinese`,`description`,`female`,`japanese`,`korean`,`male`,`mbti_e`,`mbti_i`,`name`,`not_solo`,`place`,`reserve_url`,`solo`,`total_user`) VALUES (6,'부산광역시',3,0,3,1,'해운대 뷰 게스트하우스',4,3,2,2,5,1,'해운대 바람의집하우스',4,'해운대','https://place-site.yanolja.com/places/10062035?srpKeyword=%EA%B0%95%EB%A6%89',2,6);
INSERT INTO House (`house_id`,`address`,`age_20`,`age_30`,`age_40`,`chinese`,`description`,`female`,`japanese`,`korean`,`male`,`mbti_e`,`mbti_i`,`name`,`not_solo`,`place`,`reserve_url`,`solo`,`total_user`) VALUES (7,'강원도 양양',1,1,9,4,'서핑 강습 할인 제공',1,4,3,10,3,8,'양양 달빛산책로하우스',7,'양양','https://place-site.yanolja.com/places/10062035?srpKeyword=%EA%B0%95%EB%A6%89',4,11);
INSERT INTO House (`house_id`,`address`,`age_20`,`age_30`,`age_40`,`chinese`,`description`,`female`,`japanese`,`korean`,`male`,`mbti_e`,`mbti_i`,`name`,`not_solo`,`place`,`reserve_url`,`solo`,`total_user`) VALUES (8,'부산광역시',1,0,3,0,'바다뷰 하우스',3,2,2,1,1,3,'해운대 비오는날의집하우스',3,'해운대','https://place-site.yanolja.com/places/10062035?srpKeyword=%EA%B0%95%EB%A6%89',1,4);
INSERT INTO House (`house_id`,`address`,`age_20`,`age_30`,`age_40`,`chinese`,`description`,`female`,`japanese`,`korean`,`male`,`mbti_e`,`mbti_i`,`name`,`not_solo`,`place`,`reserve_url`,`solo`,`total_user`) VALUES (9,'제주도 제주시',3,4,4,4,'제주공항 10분',6,5,2,5,5,6,'애월 구름위의집하우스',5,'애월','https://place-site.yanolja.com/places/10062035?srpKeyword=%EA%B0%95%EB%A6%89',6,11);
INSERT INTO House (`house_id`,`address`,`age_20`,`age_30`,`age_40`,`chinese`,`description`,`female`,`japanese`,`korean`,`male`,`mbti_e`,`mbti_i`,`name`,`not_solo`,`place`,`reserve_url`,`solo`,`total_user`) VALUES (10,'부산광역시',2,0,2,0,'자갈치 시장 10분',1,1,3,3,3,1,'해운대 비오는날의집하우스',2,'해운대','https://place-site.yanolja.com/places/10062035?srpKeyword=%EA%B0%95%EB%A6%89',2,4);
INSERT INTO House (`house_id`,`address`,`age_20`,`age_30`,`age_40`,`chinese`,`description`,`female`,`japanese`,`korean`,`male`,`mbti_e`,`mbti_i`,`name`,`not_solo`,`place`,`reserve_url`,`solo`,`total_user`) VALUES (11,'강원도 양양',3,2,6,4,'서핑 성지 양양 펜션',4,5,2,7,6,5,'양양 별빛속삭임하우스',5,'양양','https://place-site.yanolja.com/places/10062035?srpKeyword=%EA%B0%95%EB%A6%89',6,11);
INSERT INTO House (`house_id`,`address`,`age_20`,`age_30`,`age_40`,`chinese`,`description`,`female`,`japanese`,`korean`,`male`,`mbti_e`,`mbti_i`,`name`,`not_solo`,`place`,`reserve_url`,`solo`,`total_user`) VALUES (12,'제주도 제주시',2,0,1,1,'애월읍 1등 펜션',1,1,1,2,3,0,'애월 달빛산책로하우스',1,'애월','https://place-site.yanolja.com/places/10062035?srpKeyword=%EA%B0%95%EB%A6%89',2,3);
INSERT INTO House (`house_id`,`address`,`age_20`,`age_30`,`age_40`,`chinese`,`description`,`female`,`japanese`,`korean`,`male`,`mbti_e`,`mbti_i`,`name`,`not_solo`,`place`,`reserve_url`,`solo`,`total_user`) VALUES (13,'제주도 제주시',2,3,0,1,'렌트카 할인 쿠폰 제공',3,1,3,2,4,1,'애월 행운의집하우스',3,'애월','https://place-site.yanolja.com/places/10062035?srpKeyword=%EA%B0%95%EB%A6%89',2,5);
INSERT INTO House (`house_id`,`address`,`age_20`,`age_30`,`age_40`,`chinese`,`description`,`female`,`japanese`,`korean`,`male`,`mbti_e`,`mbti_i`,`name`,`not_solo`,`place`,`reserve_url`,`solo`,`total_user`) VALUES (14,'강원도 양양',3,1,2,1,'해수욕장 뷰 펜션',3,2,3,3,3,3,'양양 바람의집하우스',2,'양양','https://place-site.yanolja.com/places/10062035?srpKeyword=%EA%B0%95%EB%A6%89',4,6);
INSERT INTO House (`house_id`,`address`,`age_20`,`age_30`,`age_40`,`chinese`,`description`,`female`,`japanese`,`korean`,`male`,`mbti_e`,`mbti_i`,`name`,`not_solo`,`place`,`reserve_url`,`solo`,`total_user`) VALUES (15,'강원도 강릉',4,3,5,1,'강릉역 차량 10분 하우스',7,6,5,5,9,3,'경포대 은하수하우스',6,'경포대','https://place-site.yanolja.com/places/10062035?srpKeyword=%EA%B0%95%EB%A6%89',6,12);
INSERT INTO House (`house_id`,`address`,`age_20`,`age_30`,`age_40`,`chinese`,`description`,`female`,`japanese`,`korean`,`male`,`mbti_e`,`mbti_i`,`name`,`not_solo`,`place`,`reserve_url`,`solo`,`total_user`) VALUES (16,'제주도 제주시',2,0,1,0,'사람 많이 찾는 하우스',2,2,1,1,1,2,'애월 햇살가득한집하우스',1,'애월','https://place-site.yanolja.com/places/10062035?srpKeyword=%EA%B0%95%EB%A6%89',2,3);
INSERT INTO House (`house_id`,`address`,`age_20`,`age_30`,`age_40`,`chinese`,`description`,`female`,`japanese`,`korean`,`male`,`mbti_e`,`mbti_i`,`name`,`not_solo`,`place`,`reserve_url`,`solo`,`total_user`) VALUES (17,'제주도 제주시',2,2,7,3,'넓은 방, 최고 시설',7,5,3,4,3,8,'애월 비오는날의집하우스',2,'애월','https://place-site.yanolja.com/places/10062035?srpKeyword=%EA%B0%95%EB%A6%89',9,11);
INSERT INTO House (`house_id`,`address`,`age_20`,`age_30`,`age_40`,`chinese`,`description`,`female`,`japanese`,`korean`,`male`,`mbti_e`,`mbti_i`,`name`,`not_solo`,`place`,`reserve_url`,`solo`,`total_user`) VALUES (18,'강원도 강릉',0,1,6,3,'강릉 1위 하우스',2,1,3,5,3,4,'경포대 달빛산책로하우스',1,'경포대','https://place-site.yanolja.com/places/10062035?srpKeyword=%EA%B0%95%EB%A6%89',6,7);
INSERT INTO House (`house_id`,`address`,`age_20`,`age_30`,`age_40`,`chinese`,`description`,`female`,`japanese`,`korean`,`male`,`mbti_e`,`mbti_i`,`name`,`not_solo`,`place`,`reserve_url`,`solo`,`total_user`) VALUES (19,'부산광역시',3,1,3,0,'부산 1위 하우스',4,3,4,3,2,5,'해운대 눈꽃하우스',3,'해운대','https://place-site.yanolja.com/places/10062035?srpKeyword=%EA%B0%95%EB%A6%89',4,7);
INSERT INTO House (`house_id`,`address`,`age_20`,`age_30`,`age_40`,`chinese`,`description`,`female`,`japanese`,`korean`,`male`,`mbti_e`,`mbti_i`,`name`,`not_solo`,`place`,`reserve_url`,`solo`,`total_user`) VALUES (20,'제주도 제주시',5,4,0,3,'제주도 게하 성지',4,1,5,5,3,6,'애월 비오는날의집하우스',3,'애월','https://place-site.yanolja.com/places/10062035?srpKeyword=%EA%B0%95%EB%A6%89',6,9);


INSERT INTO User (`user_id`,`age`,`description`,`food`,`gender`,`hate`,`is_solo`,`mbti`,`nickname`,`phone_number`,`visit_place`) VALUES (1,40,'함께해요','Japanese',True,0,False,'E','푸른바다의꿈','010-3006-4120','양양');
INSERT INTO User (`user_id`,`age`,`description`,`food`,`gender`,`hate`,`is_solo`,`mbti`,`nickname`,`phone_number`,`visit_place`) VALUES (2,39,'안녕하세요','Korean',False,0,False,'I','별빛의속삭임','010-2022-5620','애월');
INSERT INTO User (`user_id`,`age`,`description`,`food`,`gender`,`hate`,`is_solo`,`mbti`,`nickname`,`phone_number`,`visit_place`) VALUES (3,23,'반갑습니다','Korean',False,0,False,'I','꿈꾸는음악가','010-4937-9066','애월');
INSERT INTO User (`user_id`,`age`,`description`,`food`,`gender`,`hate`,`is_solo`,`mbti`,`nickname`,`phone_number`,`visit_place`) VALUES (4,46,'함께해요','Japanese',True,0,True,'I','달빛의그림자','010-4215-7482','해운대');
INSERT INTO User (`user_id`,`age`,`description`,`food`,`gender`,`hate`,`is_solo`,`mbti`,`nickname`,`phone_number`,`visit_place`) VALUES (5,22,'반갑습니다','Japanese',False,0,True,'E','꽃향기의마법사','010-6962-4582','양양');
INSERT INTO User (`user_id`,`age`,`description`,`food`,`gender`,`hate`,`is_solo`,`mbti`,`nickname`,`phone_number`,`visit_place`) VALUES (6,24,'함께해요','Korean',False,0,False,'I','하늘을나는풍선','010-7326-2082','양양');
INSERT INTO User (`user_id`,`age`,`description`,`food`,`gender`,`hate`,`is_solo`,`mbti`,`nickname`,`phone_number`,`visit_place`) VALUES (7,24,'안녕하세요','Japanese',False,0,True,'E','눈꽃의비밀','010-5282-9127','경포대');
INSERT INTO User (`user_id`,`age`,`description`,`food`,`gender`,`hate`,`is_solo`,`mbti`,`nickname`,`phone_number`,`visit_place`) VALUES (8,26,'여행을좋아해요','Japanese',False,0,True,'E','파도타는서퍼','010-8057-5967','경포대');
INSERT INTO User (`user_id`,`age`,`description`,`food`,`gender`,`hate`,`is_solo`,`mbti`,`nickname`,`phone_number`,`visit_place`) VALUES (9,37,'여행을좋아해요','Korean',True,0,False,'E','바람의시인','010-7815-7433','애월');
INSERT INTO User (`user_id`,`age`,`description`,`food`,`gender`,`hate`,`is_solo`,`mbti`,`nickname`,`phone_number`,`visit_place`) VALUES (10,21,'반갑습니다','Korean',True,0,False,'E','꽃잎의춤','010-9595-4712','양양');
INSERT INTO User (`user_id`,`age`,`description`,`food`,`gender`,`hate`,`is_solo`,`mbti`,`nickname`,`phone_number`,`visit_place`) VALUES (11,21,'함께해요','Japanese',False,0,True,'E','구름위의춤꾼','010-1622-5125','해운대');
INSERT INTO User (`user_id`,`age`,`description`,`food`,`gender`,`hate`,`is_solo`,`mbti`,`nickname`,`phone_number`,`visit_place`) VALUES (12,46,'여행을좋아해요','Korean',True,0,False,'E','무지개다리','010-7604-1547','해운대');
INSERT INTO User (`user_id`,`age`,`description`,`food`,`gender`,`hate`,`is_solo`,`mbti`,`nickname`,`phone_number`,`visit_place`) VALUES (13,39,'반갑습니다','Japanese',False,0,True,'E','별빛의노래','010-5885-3271','애월');
INSERT INTO User (`user_id`,`age`,`description`,`food`,`gender`,`hate`,`is_solo`,`mbti`,`nickname`,`phone_number`,`visit_place`) VALUES (14,32,'함께해요','Korean',False,0,False,'E','달콤한속삭임','010-3534-8906','애월');
INSERT INTO User (`user_id`,`age`,`description`,`food`,`gender`,`hate`,`is_solo`,`mbti`,`nickname`,`phone_number`,`visit_place`) VALUES (15,32,'잘부탁드려요','Korean',False,0,True,'E','우주의탐험가','010-9653-9939','양양');
INSERT INTO User (`user_id`,`age`,`description`,`food`,`gender`,`hate`,`is_solo`,`mbti`,`nickname`,`phone_number`,`visit_place`) VALUES (16,31,'반갑습니다','Chinese',False,0,True,'I','하늘을나는구름','010-9720-6004','양양');
INSERT INTO User (`user_id`,`age`,`description`,`food`,`gender`,`hate`,`is_solo`,`mbti`,`nickname`,`phone_number`,`visit_place`) VALUES (17,20,'안녕하세요','Korean',False,0,False,'E','은하수의춤꾼','010-5580-2477','경포대');
INSERT INTO User (`user_id`,`age`,`description`,`food`,`gender`,`hate`,`is_solo`,`mbti`,`nickname`,`phone_number`,`visit_place`) VALUES (18,33,'함께해요','Korean',True,0,True,'I','햇살의미소','010-5208-9907','해운대');
INSERT INTO User (`user_id`,`age`,`description`,`food`,`gender`,`hate`,`is_solo`,`mbti`,`nickname`,`phone_number`,`visit_place`) VALUES (19,32,'함께해요','Korean',True,0,True,'I','하늘을나는꿈꾸는자','010-6384-6988','해운대');
INSERT INTO User (`user_id`,`age`,`description`,`food`,`gender`,`hate`,`is_solo`,`mbti`,`nickname`,`phone_number`,`visit_place`) VALUES (20,36,'안녕하세요','Chinese',False,0,True,'E','눈송이의마법','010-2540-1624','양양');
INSERT INTO User (`user_id`,`age`,`description`,`food`,`gender`,`hate`,`is_solo`,`mbti`,`nickname`,`phone_number`,`visit_place`) VALUES (21,48,'함께해요','Chinese',True,0,True,'E','달콤한초콜릿','010-6617-5246','해운대');
INSERT INTO User (`user_id`,`age`,`description`,`food`,`gender`,`hate`,`is_solo`,`mbti`,`nickname`,`phone_number`,`visit_place`) VALUES (22,47,'함께해요','Japanese',True,0,True,'I','꽃잎의속삭임','010-5336-1719','양양');
INSERT INTO User (`user_id`,`age`,`description`,`food`,`gender`,`hate`,`is_solo`,`mbti`,`nickname`,`phone_number`,`visit_place`) VALUES (23,43,'안녕하세요','Korean',True,0,False,'E','무지개빛의여행자','010-2549-9695','경포대');
INSERT INTO User (`user_id`,`age`,`description`,`food`,`gender`,`hate`,`is_solo`,`mbti`,`nickname`,`phone_number`,`visit_place`) VALUES (24,42,'반갑습니다','Japanese',False,0,True,'E','푸른바다의보물','010-3519-9212','애월');
INSERT INTO User (`user_id`,`age`,`description`,`food`,`gender`,`hate`,`is_solo`,`mbti`,`nickname`,`phone_number`,`visit_place`) VALUES (25,23,'잘부탁드려요','Korean',True,0,True,'E','눈꽃의향연','010-8408-9466','경포대');
INSERT INTO User (`user_id`,`age`,`description`,`food`,`gender`,`hate`,`is_solo`,`mbti`,`nickname`,`phone_number`,`visit_place`) VALUES (26,41,'안녕하세요','Japanese',False,0,False,'E','우주의꿈꾸는자','010-8118-4627','해운대');
INSERT INTO User (`user_id`,`age`,`description`,`food`,`gender`,`hate`,`is_solo`,`mbti`,`nickname`,`phone_number`,`visit_place`) VALUES (27,40,'반갑습니다','Korean',True,0,True,'I','하늘을나는구름','010-7689-7605','애월');
INSERT INTO User (`user_id`,`age`,`description`,`food`,`gender`,`hate`,`is_solo`,`mbti`,`nickname`,`phone_number`,`visit_place`) VALUES (28,22,'여행을좋아해요','Korean',True,0,False,'I','햇살의춤꾼','010-8582-8186','애월');
INSERT INTO User (`user_id`,`age`,`description`,`food`,`gender`,`hate`,`is_solo`,`mbti`,`nickname`,`phone_number`,`visit_place`) VALUES (29,40,'반갑습니다','Japanese',False,0,False,'E','꽃잎의춤','010-4387-4037','경포대');
INSERT INTO User (`user_id`,`age`,`description`,`food`,`gender`,`hate`,`is_solo`,`mbti`,`nickname`,`phone_number`,`visit_place`) VALUES (30,26,'안녕하세요','Korean',True,0,False,'E','모래시계의비밀','010-9032-8895','해운대');
INSERT INTO User (`user_id`,`age`,`description`,`food`,`gender`,`hate`,`is_solo`,`mbti`,`nickname`,`phone_number`,`visit_place`) VALUES (31,47,'안녕하세요','Korean',True,0,True,'E','햇살의비밀','010-9196-4033','경포대');
INSERT INTO User (`user_id`,`age`,`description`,`food`,`gender`,`hate`,`is_solo`,`mbti`,`nickname`,`phone_number`,`visit_place`) VALUES (32,29,'안녕하세요','Japanese',False,0,True,'E','우주비행사','010-3944-9513','해운대');
INSERT INTO User (`user_id`,`age`,`description`,`food`,`gender`,`hate`,`is_solo`,`mbti`,`nickname`,`phone_number`,`visit_place`) VALUES (33,33,'반갑습니다','Japanese',True,0,True,'I','달빛의여행자','010-3375-9217','경포대');
INSERT INTO User (`user_id`,`age`,`description`,`food`,`gender`,`hate`,`is_solo`,`mbti`,`nickname`,`phone_number`,`visit_place`) VALUES (34,25,'반갑습니다','Chinese',False,0,True,'E','별빛속삭임','010-9748-9034','경포대');
INSERT INTO User (`user_id`,`age`,`description`,`food`,`gender`,`hate`,`is_solo`,`mbti`,`nickname`,`phone_number`,`visit_place`) VALUES (35,41,'함께해요','Chinese',True,0,True,'E','무지개빛의춤','010-6787-1613','경포대');
INSERT INTO User (`user_id`,`age`,`description`,`food`,`gender`,`hate`,`is_solo`,`mbti`,`nickname`,`phone_number`,`visit_place`) VALUES (36,45,'잘부탁드려요','Japanese',True,0,False,'E','눈꽃의춤','010-4296-1895','애월');
INSERT INTO User (`user_id`,`age`,`description`,`food`,`gender`,`hate`,`is_solo`,`mbti`,`nickname`,`phone_number`,`visit_place`) VALUES (37,27,'안녕하세요','Chinese',True,0,False,'I','하늘을나는풍선','010-3221-4436','양양');
INSERT INTO User (`user_id`,`age`,`description`,`food`,`gender`,`hate`,`is_solo`,`mbti`,`nickname`,`phone_number`,`visit_place`) VALUES (38,41,'함께해요','Chinese',True,0,False,'I','모래성의기사','010-9790-6182','해운대');
INSERT INTO User (`user_id`,`age`,`description`,`food`,`gender`,`hate`,`is_solo`,`mbti`,`nickname`,`phone_number`,`visit_place`) VALUES (39,42,'잘부탁드려요','Japanese',True,0,True,'I','눈송이의춤','010-8702-8862','애월');
INSERT INTO User (`user_id`,`age`,`description`,`food`,`gender`,`hate`,`is_solo`,`mbti`,`nickname`,`phone_number`,`visit_place`) VALUES (40,26,'안녕하세요','Korean',False,0,True,'E','별빛속삭임','010-1101-8113','양양');
INSERT INTO User (`user_id`,`age`,`description`,`food`,`gender`,`hate`,`is_solo`,`mbti`,`nickname`,`phone_number`,`visit_place`) VALUES (41,25,'여행을좋아해요','Korean',False,0,False,'I','구름위의춤꾼','010-2408-6671','해운대');
INSERT INTO User (`user_id`,`age`,`description`,`food`,`gender`,`hate`,`is_solo`,`mbti`,`nickname`,`phone_number`,`visit_place`) VALUES (42,21,'안녕하세요','Japanese',False,0,True,'I','달콤한노래','010-8857-4700','애월');
INSERT INTO User (`user_id`,`age`,`description`,`food`,`gender`,`hate`,`is_solo`,`mbti`,`nickname`,`phone_number`,`visit_place`) VALUES (43,33,'잘부탁드려요','Japanese',True,0,True,'E','달콤한초콜릿','010-3956-6693','해운대');
INSERT INTO User (`user_id`,`age`,`description`,`food`,`gender`,`hate`,`is_solo`,`mbti`,`nickname`,`phone_number`,`visit_place`) VALUES (44,49,'함께해요','Korean',False,0,False,'I','비오는날의마법사','010-4126-2913','해운대');
INSERT INTO User (`user_id`,`age`,`description`,`food`,`gender`,`hate`,`is_solo`,`mbti`,`nickname`,`phone_number`,`visit_place`) VALUES (45,43,'잘부탁드려요','Chinese',True,0,True,'I','햇살의노래','010-1491-9749','경포대');
INSERT INTO User (`user_id`,`age`,`description`,`food`,`gender`,`hate`,`is_solo`,`mbti`,`nickname`,`phone_number`,`visit_place`) VALUES (46,47,'잘부탁드려요','Japanese',False,0,True,'E','모래성의왕','010-7425-3549','해운대');
INSERT INTO User (`user_id`,`age`,`description`,`food`,`gender`,`hate`,`is_solo`,`mbti`,`nickname`,`phone_number`,`visit_place`) VALUES (47,27,'잘부탁드려요','Korean',False,0,True,'I','하늘을나는시인','010-1885-7576','경포대');
INSERT INTO User (`user_id`,`age`,`description`,`food`,`gender`,`hate`,`is_solo`,`mbti`,`nickname`,`phone_number`,`visit_place`) VALUES (48,27,'여행을좋아해요','Korean',False,0,True,'I','은하수의춤꾼','010-2173-2265','경포대');
INSERT INTO User (`user_id`,`age`,`description`,`food`,`gender`,`hate`,`is_solo`,`mbti`,`nickname`,`phone_number`,`visit_place`) VALUES (49,47,'여행을좋아해요','Japanese',True,0,True,'E','달콤한자장가','010-5794-5296','양양');
INSERT INTO User (`user_id`,`age`,`description`,`food`,`gender`,`hate`,`is_solo`,`mbti`,`nickname`,`phone_number`,`visit_place`) VALUES (50,38,'안녕하세요','Chinese',True,0,False,'I','구름위의마법사','010-5042-4994','경포대');
INSERT INTO User (`user_id`,`age`,`description`,`food`,`gender`,`hate`,`is_solo`,`mbti`,`nickname`,`phone_number`,`visit_place`) VALUES (51,27,'안녕하세요','Japanese',False,0,True,'E','비오는날의멜로디','010-7004-9063','해운대');
INSERT INTO User (`user_id`,`age`,`description`,`food`,`gender`,`hate`,`is_solo`,`mbti`,`nickname`,`phone_number`,`visit_place`) VALUES (52,44,'반갑습니다','Korean',False,0,True,'I','푸른하늘','010-8783-7428','애월');
INSERT INTO User (`user_id`,`age`,`description`,`food`,`gender`,`hate`,`is_solo`,`mbti`,`nickname`,`phone_number`,`visit_place`) VALUES (53,35,'여행을좋아해요','Japanese',False,0,True,'E','별빛속삭임','010-7403-1838','애월');
INSERT INTO User (`user_id`,`age`,`description`,`food`,`gender`,`hate`,`is_solo`,`mbti`,`nickname`,`phone_number`,`visit_place`) VALUES (54,44,'안녕하세요','Korean',False,0,False,'I','구름위의성','010-4196-5798','해운대');
INSERT INTO User (`user_id`,`age`,`description`,`food`,`gender`,`hate`,`is_solo`,`mbti`,`nickname`,`phone_number`,`visit_place`) VALUES (55,47,'반갑습니다','Chinese',False,0,True,'E','비단구름의꿈','010-8258-2035','애월');
INSERT INTO User (`user_id`,`age`,`description`,`food`,`gender`,`hate`,`is_solo`,`mbti`,`nickname`,`phone_number`,`visit_place`) VALUES (56,34,'잘부탁드려요','Japanese',False,0,False,'E','눈꽃의향연','010-8564-6649','애월');
INSERT INTO User (`user_id`,`age`,`description`,`food`,`gender`,`hate`,`is_solo`,`mbti`,`nickname`,`phone_number`,`visit_place`) VALUES (57,20,'함께해요','Korean',False,0,False,'E','달콤한꿈','010-6653-5704','경포대');
INSERT INTO User (`user_id`,`age`,`description`,`food`,`gender`,`hate`,`is_solo`,`mbti`,`nickname`,`phone_number`,`visit_place`) VALUES (58,48,'함께해요','Japanese',False,0,False,'I','무지개빛깔의꿈','010-8485-8263','해운대');
INSERT INTO User (`user_id`,`age`,`description`,`food`,`gender`,`hate`,`is_solo`,`mbti`,`nickname`,`phone_number`,`visit_place`) VALUES (59,41,'안녕하세요','Japanese',False,0,True,'E','우주의낭만가','010-1724-8057','양양');
INSERT INTO User (`user_id`,`age`,`description`,`food`,`gender`,`hate`,`is_solo`,`mbti`,`nickname`,`phone_number`,`visit_place`) VALUES (60,46,'잘부탁드려요','Chinese',True,0,False,'I','우주의꿈','010-4876-1624','해운대');
INSERT INTO User (`user_id`,`age`,`description`,`food`,`gender`,`hate`,`is_solo`,`mbti`,`nickname`,`phone_number`,`visit_place`) VALUES (61,32,'함께해요','Korean',True,0,True,'E','비단구름의노래','010-6274-2614','경포대');
INSERT INTO User (`user_id`,`age`,`description`,`food`,`gender`,`hate`,`is_solo`,`mbti`,`nickname`,`phone_number`,`visit_place`) VALUES (62,49,'안녕하세요','Korean',True,0,True,'I','무지개빛의요정','010-7297-8929','양양');
INSERT INTO User (`user_id`,`age`,`description`,`food`,`gender`,`hate`,`is_solo`,`mbti`,`nickname`,`phone_number`,`visit_place`) VALUES (63,45,'안녕하세요','Japanese',True,0,False,'I','무지개빛깔의꿈','010-2714-2649','애월');
INSERT INTO User (`user_id`,`age`,`description`,`food`,`gender`,`hate`,`is_solo`,`mbti`,`nickname`,`phone_number`,`visit_place`) VALUES (64,25,'함께해요','Japanese',True,0,True,'I','모래시계의춤','010-8422-5820','애월');
INSERT INTO User (`user_id`,`age`,`description`,`food`,`gender`,`hate`,`is_solo`,`mbti`,`nickname`,`phone_number`,`visit_place`) VALUES (65,20,'함께해요','Korean',True,0,False,'E','눈꽃마법사','010-8587-2064','애월');
INSERT INTO User (`user_id`,`age`,`description`,`food`,`gender`,`hate`,`is_solo`,`mbti`,`nickname`,`phone_number`,`visit_place`) VALUES (66,22,'안녕하세요','Japanese',True,0,True,'E','은하수의낭만','010-2908-1403','애월');
INSERT INTO User (`user_id`,`age`,`description`,`food`,`gender`,`hate`,`is_solo`,`mbti`,`nickname`,`phone_number`,`visit_place`) VALUES (67,44,'잘부탁드려요','Japanese',False,0,True,'I','푸른바다의춤꾼','010-4822-6509','양양');
INSERT INTO User (`user_id`,`age`,`description`,`food`,`gender`,`hate`,`is_solo`,`mbti`,`nickname`,`phone_number`,`visit_place`) VALUES (68,32,'잘부탁드려요','Chinese',False,0,False,'I','무지개빛의노래','010-8648-2876','양양');
INSERT INTO User (`user_id`,`age`,`description`,`food`,`gender`,`hate`,`is_solo`,`mbti`,`nickname`,`phone_number`,`visit_place`) VALUES (69,34,'잘부탁드려요','Korean',True,0,True,'I','은하수의별','010-5428-2213','애월');
INSERT INTO User (`user_id`,`age`,`description`,`food`,`gender`,`hate`,`is_solo`,`mbti`,`nickname`,`phone_number`,`visit_place`) VALUES (70,48,'여행을좋아해요','Japanese',True,0,False,'I','꽃향기의마법사','010-8347-1462','양양');
INSERT INTO User (`user_id`,`age`,`description`,`food`,`gender`,`hate`,`is_solo`,`mbti`,`nickname`,`phone_number`,`visit_place`) VALUES (71,48,'안녕하세요','Chinese',True,0,True,'E','꿈꾸는마법사','010-1254-6252','경포대');
INSERT INTO User (`user_id`,`age`,`description`,`food`,`gender`,`hate`,`is_solo`,`mbti`,`nickname`,`phone_number`,`visit_place`) VALUES (72,48,'잘부탁드려요','Chinese',True,0,False,'I','하늘을나는꿈꾸는자','010-9045-4604','해운대');
INSERT INTO User (`user_id`,`age`,`description`,`food`,`gender`,`hate`,`is_solo`,`mbti`,`nickname`,`phone_number`,`visit_place`) VALUES (73,37,'안녕하세요','Japanese',False,0,False,'I','하늘을나는새','010-6311-8151','양양');
INSERT INTO User (`user_id`,`age`,`description`,`food`,`gender`,`hate`,`is_solo`,`mbti`,`nickname`,`phone_number`,`visit_place`) VALUES (74,40,'안녕하세요','Chinese',False,0,False,'I','바람의시인','010-8000-4333','해운대');
INSERT INTO User (`user_id`,`age`,`description`,`food`,`gender`,`hate`,`is_solo`,`mbti`,`nickname`,`phone_number`,`visit_place`) VALUES (75,23,'여행을좋아해요','Chinese',False,0,False,'I','햇살의마법','010-5641-2120','애월');
INSERT INTO User (`user_id`,`age`,`description`,`food`,`gender`,`hate`,`is_solo`,`mbti`,`nickname`,`phone_number`,`visit_place`) VALUES (76,49,'함께해요','Chinese',False,0,True,'E','달콤한추억','010-3330-3106','양양');
INSERT INTO User (`user_id`,`age`,`description`,`food`,`gender`,`hate`,`is_solo`,`mbti`,`nickname`,`phone_number`,`visit_place`) VALUES (77,30,'여행을좋아해요','Chinese',False,0,True,'I','푸른숲의비밀','010-1336-8150','양양');
INSERT INTO User (`user_id`,`age`,`description`,`food`,`gender`,`hate`,`is_solo`,`mbti`,`nickname`,`phone_number`,`visit_place`) VALUES (78,20,'함께해요','Korean',True,0,True,'E','무지개빛의여행자','010-1315-7611','양양');
INSERT INTO User (`user_id`,`age`,`description`,`food`,`gender`,`hate`,`is_solo`,`mbti`,`nickname`,`phone_number`,`visit_place`) VALUES (79,28,'안녕하세요','Chinese',False,0,True,'E','별빛의춤','010-3930-4188','양양');
INSERT INTO User (`user_id`,`age`,`description`,`food`,`gender`,`hate`,`is_solo`,`mbti`,`nickname`,`phone_number`,`visit_place`) VALUES (80,47,'반갑습니다','Chinese',True,0,False,'E','하늘을나는요정','010-6118-8864','경포대');
INSERT INTO User (`user_id`,`age`,`description`,`food`,`gender`,`hate`,`is_solo`,`mbti`,`nickname`,`phone_number`,`visit_place`) VALUES (81,41,'잘부탁드려요','Chinese',True,0,True,'E','꿈꾸는고양이','010-3162-4827','애월');
INSERT INTO User (`user_id`,`age`,`description`,`food`,`gender`,`hate`,`is_solo`,`mbti`,`nickname`,`phone_number`,`visit_place`) VALUES (82,36,'안녕하세요','Japanese',False,0,True,'E','눈꽃의춤','010-4254-2335','경포대');
INSERT INTO User (`user_id`,`age`,`description`,`food`,`gender`,`hate`,`is_solo`,`mbti`,`nickname`,`phone_number`,`visit_place`) VALUES (83,44,'반갑습니다','Korean',False,0,True,'I','하늘을나는새','010-1780-7028','해운대');
INSERT INTO User (`user_id`,`age`,`description`,`food`,`gender`,`hate`,`is_solo`,`mbti`,`nickname`,`phone_number`,`visit_place`) VALUES (84,38,'반갑습니다','Japanese',False,0,True,'I','햇살의노래','010-3821-1622','해운대');
INSERT INTO User (`user_id`,`age`,`description`,`food`,`gender`,`hate`,`is_solo`,`mbti`,`nickname`,`phone_number`,`visit_place`) VALUES (85,39,'잘부탁드려요','Korean',True,0,True,'I','구름위의여행자','010-5602-6584','애월');
INSERT INTO User (`user_id`,`age`,`description`,`food`,`gender`,`hate`,`is_solo`,`mbti`,`nickname`,`phone_number`,`visit_place`) VALUES (86,33,'여행을좋아해요','Chinese',False,0,False,'E','달콤한노래','010-6752-2832','해운대');
INSERT INTO User (`user_id`,`age`,`description`,`food`,`gender`,`hate`,`is_solo`,`mbti`,`nickname`,`phone_number`,`visit_place`) VALUES (87,40,'반갑습니다','Japanese',True,0,True,'E','꿈꾸는낭만가','010-8944-2806','해운대');
INSERT INTO User (`user_id`,`age`,`description`,`food`,`gender`,`hate`,`is_solo`,`mbti`,`nickname`,`phone_number`,`visit_place`) VALUES (88,37,'안녕하세요','Korean',False,0,True,'I','구름위의낭만','010-7426-8566','애월');
INSERT INTO User (`user_id`,`age`,`description`,`food`,`gender`,`hate`,`is_solo`,`mbti`,`nickname`,`phone_number`,`visit_place`) VALUES (89,24,'잘부탁드려요','Japanese',False,0,True,'E','모래시계의춤','010-4703-8011','양양');
INSERT INTO User (`user_id`,`age`,`description`,`food`,`gender`,`hate`,`is_solo`,`mbti`,`nickname`,`phone_number`,`visit_place`) VALUES (90,26,'함께해요','Korean',True,0,False,'I','행운의클로버','010-6951-1867','해운대');
INSERT INTO User (`user_id`,`age`,`description`,`food`,`gender`,`hate`,`is_solo`,`mbti`,`nickname`,`phone_number`,`visit_place`) VALUES (91,26,'안녕하세요','Korean',False,0,True,'I','하늘을나는구름','010-7320-6500','경포대');
INSERT INTO User (`user_id`,`age`,`description`,`food`,`gender`,`hate`,`is_solo`,`mbti`,`nickname`,`phone_number`,`visit_place`) VALUES (92,40,'여행을좋아해요','Chinese',False,0,True,'E','달콤한자장노래','010-2896-5698','경포대');
INSERT INTO User (`user_id`,`age`,`description`,`food`,`gender`,`hate`,`is_solo`,`mbti`,`nickname`,`phone_number`,`visit_place`) VALUES (93,45,'안녕하세요','Korean',True,0,False,'I','눈송이의속삭임','010-6196-1078','양양');
INSERT INTO User (`user_id`,`age`,`description`,`food`,`gender`,`hate`,`is_solo`,`mbti`,`nickname`,`phone_number`,`visit_place`) VALUES (94,48,'함께해요','Chinese',True,0,True,'I','꽃잎의향연','010-8059-6225','경포대');
INSERT INTO User (`user_id`,`age`,`description`,`food`,`gender`,`hate`,`is_solo`,`mbti`,`nickname`,`phone_number`,`visit_place`) VALUES (95,48,'안녕하세요','Chinese',False,0,True,'E','꽃잎의비밀','010-4246-8317','양양');
INSERT INTO User (`user_id`,`age`,`description`,`food`,`gender`,`hate`,`is_solo`,`mbti`,`nickname`,`phone_number`,`visit_place`) VALUES (96,26,'반갑습니다','Chinese',True,0,False,'E','별빛속삭임','010-6116-7032','애월');
INSERT INTO User (`user_id`,`age`,`description`,`food`,`gender`,`hate`,`is_solo`,`mbti`,`nickname`,`phone_number`,`visit_place`) VALUES (97,25,'잘부탁드려요','Korean',False,0,True,'E','꿈꾸는비밀','010-2558-5087','경포대');
INSERT INTO User (`user_id`,`age`,`description`,`food`,`gender`,`hate`,`is_solo`,`mbti`,`nickname`,`phone_number`,`visit_place`) VALUES (98,22,'함께해요','Japanese',False,0,False,'E','꽃밭의나비','010-8876-9851','해운대');
INSERT INTO User (`user_id`,`age`,`description`,`food`,`gender`,`hate`,`is_solo`,`mbti`,`nickname`,`phone_number`,`visit_place`) VALUES (99,43,'여행을좋아해요','Chinese',True,0,True,'I','모래성건축가','010-9758-3257','애월');
INSERT INTO User (`user_id`,`age`,`description`,`food`,`gender`,`hate`,`is_solo`,`mbti`,`nickname`,`phone_number`,`visit_place`) VALUES (100,47,'반갑습니다','Japanese',True,0,True,'E','달빛의속삭임','010-1470-2555','해운대');

INSERT INTO Reservation (`reservation_id`,`end_date`,`start_date`,`house_Id`,`user_Id`) VALUES (1,'2025-03-03 00:00:00.000000','2025-02-23 00:00:00.000000',9,21);
INSERT INTO Reservation (`reservation_id`,`end_date`,`start_date`,`house_Id`,`user_Id`) VALUES (2,'2025-02-28 00:00:00.000000','2025-02-25 00:00:00.000000',8,90);
INSERT INTO Reservation (`reservation_id`,`end_date`,`start_date`,`house_Id`,`user_Id`) VALUES (3,'2025-02-24 00:00:00.000000','2025-02-23 00:00:00.000000',13,14);
INSERT INTO Reservation (`reservation_id`,`end_date`,`start_date`,`house_Id`,`user_Id`) VALUES (4,'2025-03-12 00:00:00.000000','2025-03-06 00:00:00.000000',6,65);
INSERT INTO Reservation (`reservation_id`,`end_date`,`start_date`,`house_Id`,`user_Id`) VALUES (5,'2025-03-16 00:00:00.000000','2025-03-09 00:00:00.000000',19,28);
INSERT INTO Reservation (`reservation_id`,`end_date`,`start_date`,`house_Id`,`user_Id`) VALUES (6,'2025-03-16 00:00:00.000000','2025-03-12 00:00:00.000000',4,9);
INSERT INTO Reservation (`reservation_id`,`end_date`,`start_date`,`house_Id`,`user_Id`) VALUES (7,'2025-03-08 00:00:00.000000','2025-03-07 00:00:00.000000',20,2);
INSERT INTO Reservation (`reservation_id`,`end_date`,`start_date`,`house_Id`,`user_Id`) VALUES (8,'2025-03-06 00:00:00.000000','2025-03-03 00:00:00.000000',20,37);
INSERT INTO Reservation (`reservation_id`,`end_date`,`start_date`,`house_Id`,`user_Id`) VALUES (9,'2025-03-13 00:00:00.000000','2025-03-08 00:00:00.000000',11,67);
INSERT INTO Reservation (`reservation_id`,`end_date`,`start_date`,`house_Id`,`user_Id`) VALUES (10,'2025-02-25 00:00:00.000000','2025-02-21 00:00:00.000000',5,41);
INSERT INTO Reservation (`reservation_id`,`end_date`,`start_date`,`house_Id`,`user_Id`) VALUES (11,'2025-03-20 00:00:00.000000','2025-03-13 00:00:00.000000',17,58);
INSERT INTO Reservation (`reservation_id`,`end_date`,`start_date`,`house_Id`,`user_Id`) VALUES (12,'2025-03-26 00:00:00.000000','2025-03-01 00:00:00.000000',15,72);
INSERT INTO Reservation (`reservation_id`,`end_date`,`start_date`,`house_Id`,`user_Id`) VALUES (13,'2025-03-05 00:00:00.000000','2025-03-01 00:00:00.000000',20,8);
INSERT INTO Reservation (`reservation_id`,`end_date`,`start_date`,`house_Id`,`user_Id`) VALUES (14,'2025-03-08 00:00:00.000000','2025-03-04 00:00:00.000000',11,45);
INSERT INTO Reservation (`reservation_id`,`end_date`,`start_date`,`house_Id`,`user_Id`) VALUES (15,'2025-03-19 00:00:00.000000','2025-03-18 00:00:00.000000',11,57);
INSERT INTO Reservation (`reservation_id`,`end_date`,`start_date`,`house_Id`,`user_Id`) VALUES (16,'2025-03-04 00:00:00.000000','2025-03-01 00:00:00.000000',19,87);
INSERT INTO Reservation (`reservation_id`,`end_date`,`start_date`,`house_Id`,`user_Id`) VALUES (17,'2025-03-05 00:00:00.000000','2025-03-03 00:00:00.000000',10,31);
INSERT INTO Reservation (`reservation_id`,`end_date`,`start_date`,`house_Id`,`user_Id`) VALUES (18,'2025-03-15 00:00:00.000000','2025-03-06 00:00:00.000000',2,98);
INSERT INTO Reservation (`reservation_id`,`end_date`,`start_date`,`house_Id`,`user_Id`) VALUES (19,'2025-03-14 00:00:00.000000','2025-03-13 00:00:00.000000',1,91);
INSERT INTO Reservation (`reservation_id`,`end_date`,`start_date`,`house_Id`,`user_Id`) VALUES (20,'2025-03-21 00:00:00.000000','2025-03-13 00:00:00.000000',5,3);
INSERT INTO Reservation (`reservation_id`,`end_date`,`start_date`,`house_Id`,`user_Id`) VALUES (21,'2025-03-10 00:00:00.000000','2025-03-05 00:00:00.000000',15,98);
INSERT INTO Reservation (`reservation_id`,`end_date`,`start_date`,`house_Id`,`user_Id`) VALUES (22,'2025-03-12 00:00:00.000000','2025-03-03 00:00:00.000000',7,60);
INSERT INTO Reservation (`reservation_id`,`end_date`,`start_date`,`house_Id`,`user_Id`) VALUES (23,'2025-03-18 00:00:00.000000','2025-03-14 00:00:00.000000',9,20);
INSERT INTO Reservation (`reservation_id`,`end_date`,`start_date`,`house_Id`,`user_Id`) VALUES (24,'2025-02-24 00:00:00.000000','2025-02-20 00:00:00.000000',14,88);
INSERT INTO Reservation (`reservation_id`,`end_date`,`start_date`,`house_Id`,`user_Id`) VALUES (25,'2025-03-22 00:00:00.000000','2025-03-16 00:00:00.000000',11,77);
INSERT INTO Reservation (`reservation_id`,`end_date`,`start_date`,`house_Id`,`user_Id`) VALUES (26,'2025-02-27 00:00:00.000000','2025-02-24 00:00:00.000000',18,27);
INSERT INTO Reservation (`reservation_id`,`end_date`,`start_date`,`house_Id`,`user_Id`) VALUES (27,'2025-02-24 00:00:00.000000','2025-02-20 00:00:00.000000',12,96);
INSERT INTO Reservation (`reservation_id`,`end_date`,`start_date`,`house_Id`,`user_Id`) VALUES (28,'2025-02-28 00:00:00.000000','2025-02-19 00:00:00.000000',3,62);
INSERT INTO Reservation (`reservation_id`,`end_date`,`start_date`,`house_Id`,`user_Id`) VALUES (29,'2025-03-11 00:00:00.000000','2025-03-05 00:00:00.000000',11,43);
INSERT INTO Reservation (`reservation_id`,`end_date`,`start_date`,`house_Id`,`user_Id`) VALUES (30,'2025-03-04 00:00:00.000000','2025-02-28 00:00:00.000000',5,76);
INSERT INTO Reservation (`reservation_id`,`end_date`,`start_date`,`house_Id`,`user_Id`) VALUES (31,'2025-02-26 00:00:00.000000','2025-02-25 00:00:00.000000',10,32);
INSERT INTO Reservation (`reservation_id`,`end_date`,`start_date`,`house_Id`,`user_Id`) VALUES (32,'2025-03-08 00:00:00.000000','2025-03-01 00:00:00.000000',19,84);
INSERT INTO Reservation (`reservation_id`,`end_date`,`start_date`,`house_Id`,`user_Id`) VALUES (33,'2025-03-15 00:00:00.000000','2025-03-07 00:00:00.000000',14,97);
INSERT INTO Reservation (`reservation_id`,`end_date`,`start_date`,`house_Id`,`user_Id`) VALUES (34,'2025-03-20 00:00:00.000000','2025-03-14 00:00:00.000000',17,52);
INSERT INTO Reservation (`reservation_id`,`end_date`,`start_date`,`house_Id`,`user_Id`) VALUES (35,'2025-03-11 00:00:00.000000','2025-03-08 00:00:00.000000',3,92);
INSERT INTO Reservation (`reservation_id`,`end_date`,`start_date`,`house_Id`,`user_Id`) VALUES (36,'2025-02-27 00:00:00.000000','2025-02-23 00:00:00.000000',16,67);
INSERT INTO Reservation (`reservation_id`,`end_date`,`start_date`,`house_Id`,`user_Id`) VALUES (37,'2025-03-21 00:00:00.000000','2025-03-12 00:00:00.000000',7,12);
INSERT INTO Reservation (`reservation_id`,`end_date`,`start_date`,`house_Id`,`user_Id`) VALUES (38,'2025-03-24 00:00:00.000000','2025-03-18 00:00:00.000000',19,65);
INSERT INTO Reservation (`reservation_id`,`end_date`,`start_date`,`house_Id`,`user_Id`) VALUES (39,'2025-03-01 00:00:00.000000','2025-02-20 00:00:00.000000',9,5);
INSERT INTO Reservation (`reservation_id`,`end_date`,`start_date`,`house_Id`,`user_Id`) VALUES (40,'2025-02-27 00:00:00.000000','2025-02-19 00:00:00.000000',1,71);
INSERT INTO Reservation (`reservation_id`,`end_date`,`start_date`,`house_Id`,`user_Id`) VALUES (41,'2025-03-19 00:00:00.000000','2025-03-12 00:00:00.000000',9,84);
INSERT INTO Reservation (`reservation_id`,`end_date`,`start_date`,`house_Id`,`user_Id`) VALUES (42,'2025-03-23 00:00:00.000000','2025-03-19 00:00:00.000000',1,74);
INSERT INTO Reservation (`reservation_id`,`end_date`,`start_date`,`house_Id`,`user_Id`) VALUES (43,'2025-03-18 00:00:00.000000','2025-03-12 00:00:00.000000',17,73);
INSERT INTO Reservation (`reservation_id`,`end_date`,`start_date`,`house_Id`,`user_Id`) VALUES (44,'2025-03-10 00:00:00.000000','2025-02-20 00:00:00.000000',15,98);
INSERT INTO Reservation (`reservation_id`,`end_date`,`start_date`,`house_Id`,`user_Id`) VALUES (45,'2025-03-02 00:00:00.000000','2025-02-25 00:00:00.000000',12,46);
INSERT INTO Reservation (`reservation_id`,`end_date`,`start_date`,`house_Id`,`user_Id`) VALUES (46,'2025-03-02 00:00:00.000000','2025-02-23 00:00:00.000000',10,28);
INSERT INTO Reservation (`reservation_id`,`end_date`,`start_date`,`house_Id`,`user_Id`) VALUES (47,'2025-03-11 00:00:00.000000','2025-03-03 00:00:00.000000',4,4);
INSERT INTO Reservation (`reservation_id`,`end_date`,`start_date`,`house_Id`,`user_Id`) VALUES (48,'2025-03-13 00:00:00.000000','2025-03-05 00:00:00.000000',5,58);
INSERT INTO Reservation (`reservation_id`,`end_date`,`start_date`,`house_Id`,`user_Id`) VALUES (49,'2025-03-10 00:00:00.000000','2025-03-08 00:00:00.000000',17,35);
INSERT INTO Reservation (`reservation_id`,`end_date`,`start_date`,`house_Id`,`user_Id`) VALUES (50,'2025-02-21 00:00:00.000000','2025-02-19 00:00:00.000000',6,6);
INSERT INTO Reservation (`reservation_id`,`end_date`,`start_date`,`house_Id`,`user_Id`) VALUES (51,'2025-03-25 00:00:00.000000','2025-03-18 00:00:00.000000',2,3);
INSERT INTO Reservation (`reservation_id`,`end_date`,`start_date`,`house_Id`,`user_Id`) VALUES (52,'2025-02-28 00:00:00.000000','2025-02-20 00:00:00.000000',20,25);
INSERT INTO Reservation (`reservation_id`,`end_date`,`start_date`,`house_Id`,`user_Id`) VALUES (53,'2025-03-20 00:00:00.000000','2025-03-18 00:00:00.000000',17,45);
INSERT INTO Reservation (`reservation_id`,`end_date`,`start_date`,`house_Id`,`user_Id`) VALUES (54,'2025-03-21 00:00:00.000000','2025-03-14 00:00:00.000000',20,16);
INSERT INTO Reservation (`reservation_id`,`end_date`,`start_date`,`house_Id`,`user_Id`) VALUES (55,'2025-03-20 00:00:00.000000','2025-03-16 00:00:00.000000',7,32);
INSERT INTO Reservation (`reservation_id`,`end_date`,`start_date`,`house_Id`,`user_Id`) VALUES (56,'2025-03-25 00:00:00.000000','2025-03-01 00:00:00.000000',15,59);
INSERT INTO Reservation (`reservation_id`,`end_date`,`start_date`,`house_Id`,`user_Id`) VALUES (57,'2025-02-27 00:00:00.000000','2025-02-26 00:00:00.000000',20,75);
INSERT INTO Reservation (`reservation_id`,`end_date`,`start_date`,`house_Id`,`user_Id`) VALUES (58,'2025-02-28 00:00:00.000000','2025-02-21 00:00:00.000000',6,80);
INSERT INTO Reservation (`reservation_id`,`end_date`,`start_date`,`house_Id`,`user_Id`) VALUES (59,'2025-02-26 00:00:00.000000','2025-02-23 00:00:00.000000',8,29);
INSERT INTO Reservation (`reservation_id`,`end_date`,`start_date`,`house_Id`,`user_Id`) VALUES (60,'2025-03-22 00:00:00.000000','2025-03-16 00:00:00.000000',20,19);
INSERT INTO Reservation (`reservation_id`,`end_date`,`start_date`,`house_Id`,`user_Id`) VALUES (61,'2025-03-03 00:00:00.000000','2025-02-22 00:00:00.000000',1,84);
INSERT INTO Reservation (`reservation_id`,`end_date`,`start_date`,`house_Id`,`user_Id`) VALUES (62,'2025-03-08 00:00:00.000000','2025-03-02 00:00:00.000000',15,97);
INSERT INTO Reservation (`reservation_id`,`end_date`,`start_date`,`house_Id`,`user_Id`) VALUES (63,'2025-03-11 00:00:00.000000','2025-03-09 00:00:00.000000',5,82);
INSERT INTO Reservation (`reservation_id`,`end_date`,`start_date`,`house_Id`,`user_Id`) VALUES (64,'2025-03-12 00:00:00.000000','2025-03-10 00:00:00.000000',17,88);
INSERT INTO Reservation (`reservation_id`,`end_date`,`start_date`,`house_Id`,`user_Id`) VALUES (65,'2025-03-21 00:00:00.000000','2025-03-12 00:00:00.000000',11,1);
INSERT INTO Reservation (`reservation_id`,`end_date`,`start_date`,`house_Id`,`user_Id`) VALUES (66,'2025-02-23 00:00:00.000000','2025-02-20 00:00:00.000000',13,96);
INSERT INTO Reservation (`reservation_id`,`end_date`,`start_date`,`house_Id`,`user_Id`) VALUES (67,'2025-03-16 00:00:00.000000','2025-03-09 00:00:00.000000',18,54);
INSERT INTO Reservation (`reservation_id`,`end_date`,`start_date`,`house_Id`,`user_Id`) VALUES (68,'2025-03-01 00:00:00.000000','2025-02-28 00:00:00.000000',11,87);
INSERT INTO Reservation (`reservation_id`,`end_date`,`start_date`,`house_Id`,`user_Id`) VALUES (69,'2025-03-08 00:00:00.000000','2025-03-04 00:00:00.000000',11,87);
INSERT INTO Reservation (`reservation_id`,`end_date`,`start_date`,`house_Id`,`user_Id`) VALUES (70,'2025-03-12 00:00:00.000000','2025-03-10 00:00:00.000000',10,23);
INSERT INTO Reservation (`reservation_id`,`end_date`,`start_date`,`house_Id`,`user_Id`) VALUES (71,'2025-03-12 00:00:00.000000','2025-03-08 00:00:00.000000',4,11);
INSERT INTO Reservation (`reservation_id`,`end_date`,`start_date`,`house_Id`,`user_Id`) VALUES (72,'2025-03-04 00:00:00.000000','2025-02-28 00:00:00.000000',2,73);
INSERT INTO Reservation (`reservation_id`,`end_date`,`start_date`,`house_Id`,`user_Id`) VALUES (73,'2025-03-03 00:00:00.000000','2025-02-22 00:00:00.000000',18,31);
INSERT INTO Reservation (`reservation_id`,`end_date`,`start_date`,`house_Id`,`user_Id`) VALUES (74,'2025-02-24 00:00:00.000000','2025-02-22 00:00:00.000000',5,89);
INSERT INTO Reservation (`reservation_id`,`end_date`,`start_date`,`house_Id`,`user_Id`) VALUES (75,'2025-03-19 00:00:00.000000','2025-03-17 00:00:00.000000',9,63);
INSERT INTO Reservation (`reservation_id`,`end_date`,`start_date`,`house_Id`,`user_Id`) VALUES (76,'2025-03-16 00:00:00.000000','2025-03-13 00:00:00.000000',5,26);
INSERT INTO Reservation (`reservation_id`,`end_date`,`start_date`,`house_Id`,`user_Id`) VALUES (77,'2025-03-17 00:00:00.000000','2025-03-13 00:00:00.000000',4,5);
INSERT INTO Reservation (`reservation_id`,`end_date`,`start_date`,`house_Id`,`user_Id`) VALUES (78,'2025-03-10 00:00:00.000000','2025-03-03 00:00:00.000000',9,89);
INSERT INTO Reservation (`reservation_id`,`end_date`,`start_date`,`house_Id`,`user_Id`) VALUES (79,'2025-03-09 00:00:00.000000','2025-03-06 00:00:00.000000',2,34);
INSERT INTO Reservation (`reservation_id`,`end_date`,`start_date`,`house_Id`,`user_Id`) VALUES (80,'2025-03-18 00:00:00.000000','2025-03-12 00:00:00.000000',17,89);
INSERT INTO Reservation (`reservation_id`,`end_date`,`start_date`,`house_Id`,`user_Id`) VALUES (81,'2025-03-15 00:00:00.000000','2025-03-01 00:00:00.000000',15,18);
INSERT INTO Reservation (`reservation_id`,`end_date`,`start_date`,`house_Id`,`user_Id`) VALUES (82,'2025-02-28 00:00:00.000000','2025-02-23 00:00:00.000000',7,27);
INSERT INTO Reservation (`reservation_id`,`end_date`,`start_date`,`house_Id`,`user_Id`) VALUES (83,'2025-02-24 00:00:00.000000','2025-02-23 00:00:00.000000',13,51);
INSERT INTO Reservation (`reservation_id`,`end_date`,`start_date`,`house_Id`,`user_Id`) VALUES (84,'2025-03-13 00:00:00.000000','2025-03-06 00:00:00.000000',2,75);
INSERT INTO Reservation (`reservation_id`,`end_date`,`start_date`,`house_Id`,`user_Id`) VALUES (85,'2025-03-16 00:00:00.000000','2025-03-10 00:00:00.000000',9,82);
INSERT INTO Reservation (`reservation_id`,`end_date`,`start_date`,`house_Id`,`user_Id`) VALUES (86,'2025-03-23 00:00:00.000000','2025-03-18 00:00:00.000000',1,38);
INSERT INTO Reservation (`reservation_id`,`end_date`,`start_date`,`house_Id`,`user_Id`) VALUES (87,'2025-03-15 00:00:00.000000','2025-03-10 00:00:00.000000',14,8);
INSERT INTO Reservation (`reservation_id`,`end_date`,`start_date`,`house_Id`,`user_Id`) VALUES (88,'2025-03-15 00:00:00.000000','2025-03-10 00:00:00.000000',1,68);
INSERT INTO Reservation (`reservation_id`,`end_date`,`start_date`,`house_Id`,`user_Id`) VALUES (89,'2025-03-12 00:00:00.000000','2025-02-28 00:00:00.000000',15,82);
INSERT INTO Reservation (`reservation_id`,`end_date`,`start_date`,`house_Id`,`user_Id`) VALUES (90,'2025-03-19 00:00:00.000000','2025-03-12 00:00:00.000000',8,67);
INSERT INTO Reservation (`reservation_id`,`end_date`,`start_date`,`house_Id`,`user_Id`) VALUES (91,'2025-03-07 00:00:00.000000','2025-02-26 00:00:00.000000',9,50);
INSERT INTO Reservation (`reservation_id`,`end_date`,`start_date`,`house_Id`,`user_Id`) VALUES (92,'2025-03-22 00:00:00.000000','2025-03-19 00:00:00.000000',18,21);
INSERT INTO Reservation (`reservation_id`,`end_date`,`start_date`,`house_Id`,`user_Id`) VALUES (93,'2025-03-08 00:00:00.000000','2025-03-01 00:00:00.000000',7,33);
INSERT INTO Reservation (`reservation_id`,`end_date`,`start_date`,`house_Id`,`user_Id`) VALUES (94,'2025-03-11 00:00:00.000000','2025-03-07 00:00:00.000000',5,86);
INSERT INTO Reservation (`reservation_id`,`end_date`,`start_date`,`house_Id`,`user_Id`) VALUES (95,'2025-03-17 00:00:00.000000','2025-03-12 00:00:00.000000',16,28);
INSERT INTO Reservation (`reservation_id`,`end_date`,`start_date`,`house_Id`,`user_Id`) VALUES (96,'2025-03-04 00:00:00.000000','2025-02-23 00:00:00.000000',5,26);
INSERT INTO Reservation (`reservation_id`,`end_date`,`start_date`,`house_Id`,`user_Id`) VALUES (97,'2025-03-09 00:00:00.000000','2025-03-03 00:00:00.000000',6,59);
INSERT INTO Reservation (`reservation_id`,`end_date`,`start_date`,`house_Id`,`user_Id`) VALUES (98,'2025-02-26 00:00:00.000000','2025-02-18 00:00:00.000000',7,36);
INSERT INTO Reservation (`reservation_id`,`end_date`,`start_date`,`house_Id`,`user_Id`) VALUES (99,'2025-03-14 00:00:00.000000','2025-03-12 00:00:00.000000',7,93);
INSERT INTO Reservation (`reservation_id`,`end_date`,`start_date`,`house_Id`,`user_Id`) VALUES (100,'2025-03-15 00:00:00.000000','2025-03-12 00:00:00.000000',17,46);
INSERT INTO Reservation (`reservation_id`,`end_date`,`start_date`,`house_Id`,`user_Id`) VALUES (101,'2025-02-27 00:00:00.000000','2025-02-24 00:00:00.000000',3,68);
INSERT INTO Reservation (`reservation_id`,`end_date`,`start_date`,`house_Id`,`user_Id`) VALUES (102,'2025-03-10 00:00:00.000000','2025-03-02 00:00:00.000000',4,24);
INSERT INTO Reservation (`reservation_id`,`end_date`,`start_date`,`house_Id`,`user_Id`) VALUES (103,'2025-02-22 00:00:00.000000','2025-02-19 00:00:00.000000',7,72);
INSERT INTO Reservation (`reservation_id`,`end_date`,`start_date`,`house_Id`,`user_Id`) VALUES (104,'2025-03-27 00:00:00.000000','2025-03-01 00:00:00.000000',15,1);
INSERT INTO Reservation (`reservation_id`,`end_date`,`start_date`,`house_Id`,`user_Id`) VALUES (105,'2025-03-25 00:00:00.000000','2025-03-17 00:00:00.000000',6,51);
INSERT INTO Reservation (`reservation_id`,`end_date`,`start_date`,`house_Id`,`user_Id`) VALUES (106,'2025-03-06 00:00:00.000000','2025-03-03 00:00:00.000000',13,19);
INSERT INTO Reservation (`reservation_id`,`end_date`,`start_date`,`house_Id`,`user_Id`) VALUES (107,'2025-03-23 00:00:00.000000','2025-03-19 00:00:00.000000',14,62);
INSERT INTO Reservation (`reservation_id`,`end_date`,`start_date`,`house_Id`,`user_Id`) VALUES (108,'2025-03-20 00:00:00.000000','2025-03-17 00:00:00.000000',20,85);
INSERT INTO Reservation (`reservation_id`,`end_date`,`start_date`,`house_Id`,`user_Id`) VALUES (109,'2025-03-26 00:00:00.000000','2025-03-17 00:00:00.000000',8,54);
INSERT INTO Reservation (`reservation_id`,`end_date`,`start_date`,`house_Id`,`user_Id`) VALUES (110,'2025-02-23 00:00:00.000000','2025-02-21 00:00:00.000000',19,52);
INSERT INTO Reservation (`reservation_id`,`end_date`,`start_date`,`house_Id`,`user_Id`) VALUES (111,'2025-03-21 00:00:00.000000','2025-03-13 00:00:00.000000',7,60);
INSERT INTO Reservation (`reservation_id`,`end_date`,`start_date`,`house_Id`,`user_Id`) VALUES (112,'2025-02-28 00:00:00.000000','2025-02-22 00:00:00.000000',17,91);
INSERT INTO Reservation (`reservation_id`,`end_date`,`start_date`,`house_Id`,`user_Id`) VALUES (113,'2025-02-27 00:00:00.000000','2025-02-24 00:00:00.000000',3,21);
INSERT INTO Reservation (`reservation_id`,`end_date`,`start_date`,`house_Id`,`user_Id`) VALUES (114,'2025-03-11 00:00:00.000000','2025-03-01 00:00:00.000000',15,52);
INSERT INTO Reservation (`reservation_id`,`end_date`,`start_date`,`house_Id`,`user_Id`) VALUES (115,'2025-03-26 00:00:00.000000','2025-03-19 00:00:00.000000',11,75);
INSERT INTO Reservation (`reservation_id`,`end_date`,`start_date`,`house_Id`,`user_Id`) VALUES (116,'2025-03-02 00:00:00.000000','2025-02-23 00:00:00.000000',18,77);
INSERT INTO Reservation (`reservation_id`,`end_date`,`start_date`,`house_Id`,`user_Id`) VALUES (117,'2025-03-06 00:00:00.000000','2025-02-25 00:00:00.000000',2,22);
INSERT INTO Reservation (`reservation_id`,`end_date`,`start_date`,`house_Id`,`user_Id`) VALUES (118,'2025-03-01 00:00:00.000000','2025-02-24 00:00:00.000000',1,74);
INSERT INTO Reservation (`reservation_id`,`end_date`,`start_date`,`house_Id`,`user_Id`) VALUES (119,'2025-02-25 00:00:00.000000','2025-02-21 00:00:00.000000',9,28);
INSERT INTO Reservation (`reservation_id`,`end_date`,`start_date`,`house_Id`,`user_Id`) VALUES (120,'2025-03-15 00:00:00.000000','2025-03-11 00:00:00.000000',7,60);
INSERT INTO Reservation (`reservation_id`,`end_date`,`start_date`,`house_Id`,`user_Id`) VALUES (121,'2025-02-23 00:00:00.000000','2025-02-21 00:00:00.000000',16,11);
INSERT INTO Reservation (`reservation_id`,`end_date`,`start_date`,`house_Id`,`user_Id`) VALUES (122,'2025-03-10 00:00:00.000000','2025-03-01 00:00:00.000000',9,44);
INSERT INTO Reservation (`reservation_id`,`end_date`,`start_date`,`house_Id`,`user_Id`) VALUES (123,'2025-03-12 00:00:00.000000','2025-03-01 00:00:00.000000',15,57);
INSERT INTO Reservation (`reservation_id`,`end_date`,`start_date`,`house_Id`,`user_Id`) VALUES (124,'2025-03-16 00:00:00.000000','2025-03-01 00:00:00.000000',15,87);
INSERT INTO Reservation (`reservation_id`,`end_date`,`start_date`,`house_Id`,`user_Id`) VALUES (125,'2025-03-14 00:00:00.000000','2025-03-06 00:00:00.000000',1,46);
INSERT INTO Reservation (`reservation_id`,`end_date`,`start_date`,`house_Id`,`user_Id`) VALUES (126,'2025-03-18 00:00:00.000000','2025-03-10 00:00:00.000000',7,4);
INSERT INTO Reservation (`reservation_id`,`end_date`,`start_date`,`house_Id`,`user_Id`) VALUES (127,'2025-03-09 00:00:00.000000','2025-02-28 00:00:00.000000',13,14);
INSERT INTO Reservation (`reservation_id`,`end_date`,`start_date`,`house_Id`,`user_Id`) VALUES (128,'2025-02-25 00:00:00.000000','2025-02-24 00:00:00.000000',18,4);
INSERT INTO Reservation (`reservation_id`,`end_date`,`start_date`,`house_Id`,`user_Id`) VALUES (129,'2025-03-04 00:00:00.000000','2025-02-25 00:00:00.000000',9,60);
INSERT INTO Reservation (`reservation_id`,`end_date`,`start_date`,`house_Id`,`user_Id`) VALUES (130,'2025-03-17 00:00:00.000000','2025-03-15 00:00:00.000000',19,42);
INSERT INTO Reservation (`reservation_id`,`end_date`,`start_date`,`house_Id`,`user_Id`) VALUES (131,'2025-03-14 00:00:00.000000','2025-03-07 00:00:00.000000',14,37);
INSERT INTO Reservation (`reservation_id`,`end_date`,`start_date`,`house_Id`,`user_Id`) VALUES (132,'2025-03-11 00:00:00.000000','2025-03-04 00:00:00.000000',19,54);
INSERT INTO Reservation (`reservation_id`,`end_date`,`start_date`,`house_Id`,`user_Id`) VALUES (133,'2025-03-15 00:00:00.000000','2025-03-06 00:00:00.000000',14,1);
INSERT INTO Reservation (`reservation_id`,`end_date`,`start_date`,`house_Id`,`user_Id`) VALUES (134,'2025-03-01 00:00:00.000000','2025-02-28 00:00:00.000000',6,26);
INSERT INTO Reservation (`reservation_id`,`end_date`,`start_date`,`house_Id`,`user_Id`) VALUES (135,'2025-03-04 00:00:00.000000','2025-02-23 00:00:00.000000',3,37);
INSERT INTO Reservation (`reservation_id`,`end_date`,`start_date`,`house_Id`,`user_Id`) VALUES (136,'2025-03-15 00:00:00.000000','2025-03-14 00:00:00.000000',11,96);
INSERT INTO Reservation (`reservation_id`,`end_date`,`start_date`,`house_Id`,`user_Id`) VALUES (137,'2025-03-20 00:00:00.000000','2025-03-01 00:00:00.000000',15,9);
INSERT INTO Reservation (`reservation_id`,`end_date`,`start_date`,`house_Id`,`user_Id`) VALUES (138,'2025-03-20 00:00:00.000000','2025-03-19 00:00:00.000000',17,39);
INSERT INTO Reservation (`reservation_id`,`end_date`,`start_date`,`house_Id`,`user_Id`) VALUES (139,'2025-03-20 00:00:00.000000','2025-03-19 00:00:00.000000',18,81);
INSERT INTO Reservation (`reservation_id`,`end_date`,`start_date`,`house_Id`,`user_Id`) VALUES (140,'2025-03-21 00:00:00.000000','2025-03-13 00:00:00.000000',11,93);
INSERT INTO Reservation (`reservation_id`,`end_date`,`start_date`,`house_Id`,`user_Id`) VALUES (141,'2025-03-04 00:00:00.000000','2025-02-26 00:00:00.000000',4,70);
INSERT INTO Reservation (`reservation_id`,`end_date`,`start_date`,`house_Id`,`user_Id`) VALUES (142,'2025-03-15 00:00:00.000000','2025-03-14 00:00:00.000000',4,9);
INSERT INTO Reservation (`reservation_id`,`end_date`,`start_date`,`house_Id`,`user_Id`) VALUES (143,'2025-03-02 00:00:00.000000','2025-02-25 00:00:00.000000',1,57);
INSERT INTO Reservation (`reservation_id`,`end_date`,`start_date`,`house_Id`,`user_Id`) VALUES (144,'2025-03-03 00:00:00.000000','2025-03-02 00:00:00.000000',12,25);
INSERT INTO Reservation (`reservation_id`,`end_date`,`start_date`,`house_Id`,`user_Id`) VALUES (145,'2025-03-12 00:00:00.000000','2025-03-04 00:00:00.000000',3,25);
INSERT INTO Reservation (`reservation_id`,`end_date`,`start_date`,`house_Id`,`user_Id`) VALUES (146,'2025-03-25 00:00:00.000000','2025-03-17 00:00:00.000000',17,99);
INSERT INTO Reservation (`reservation_id`,`end_date`,`start_date`,`house_Id`,`user_Id`) VALUES (147,'2025-03-15 00:00:00.000000','2025-03-10 00:00:00.000000',1,82);
INSERT INTO Reservation (`reservation_id`,`end_date`,`start_date`,`house_Id`,`user_Id`) VALUES (148,'2025-03-11 00:00:00.000000','2025-03-06 00:00:00.000000',20,78);
INSERT INTO Reservation (`reservation_id`,`end_date`,`start_date`,`house_Id`,`user_Id`) VALUES (149,'2025-02-20 00:00:00.000000','2025-02-19 00:00:00.000000',5,46);
INSERT INTO Reservation (`reservation_id`,`end_date`,`start_date`,`house_Id`,`user_Id`) VALUES (150,'2025-03-06 00:00:00.000000','2025-03-01 00:00:00.000000',2,3);
